url,canonical_url,source_domain,title,author,published_date,lead,content_preview,quotes,matched_keywords,links_count,word_count,forecast_positions,depth,crawl_time
https://www.nhc.noaa.gov/archive/2025/al01/al012025.discus.003.shtml,https://www.nhc.noaa.gov/archive/2025/al01/al012025.discus.003.shtml,www.nhc.noaa.gov,Post-Tropical Cyclone ANDREA,,,"ZCZC MIATCDAT1 ALL TTAA00 KNHC DDHHMM Post-Tropical Cyclone Andrea Discussion Number 3 NWS National Hurricane Center Miami FL AL012025 1100 PM AST Tue Jun 24 2025 Andrea is now a remnant low. The system has lacked deep convection since earlier this morning and is unlikely to redevelop any while traversing increasingly cold sea-surface temperatures, strong northeasterly vertical wind shear, and very dry mid-level air. Therefore, this will be the final advisory on Andrea. Scatterometer data received after the last advisory also indicates winds have decreased to about 30 kt. The remnant low should continue to spin down, with the various global and regional model guidance showing the circulation opening up into a surface trough in about 24 hours. The initial motion is 060 17 kt. This motion is expected to continue until the remnant low dissipates. Additional information on this system can be found in High Seas Forecasts issued by the National Weather Service, under AWIPS header NFDHSFAT1, WMO header FZNT01 KWBC, and online at ocean.weather.gov shtml NFDHSFAT1.php FORECAST POSITIONS AND MAX WINDS INIT 25 0300Z 38.7N 45.2W 30 KT 35 MPH...POST-TROP REMNT LOW 12H 25 1200Z 40.1N 41.1W 25 KT 30 MPH...POST-TROP REMNT LOW 24H 26 0000Z...DISSIPATED   Forecaster Papin NNNN",ZCZC MIATCDAT1 ALL TTAA00 KNHC DDHHMM Post-Tropical Cyclone Andrea Discussion Number 3 NWS National Hurricane Center Miami FL AL012025 1100 PM AST Tue Jun 24 2025 Andrea is now a remnant low. The syst...,,forecast discussion,0,201,FORECAST POSITIONS AND MAX WINDS INIT 25 0300Z 38.7N 45.2W 30 KT 35 MPH...POST-TROP REMNT LOW 12H 25 1200Z 40.1N 41.1W 25 KT 30 MPH...POST-TROP REMNT LOW 24H 26 0000Z...DISSIPATED   Forecaster Papin NNNN,0,2025-12-01T18:45:10.798172
https://www.nhc.noaa.gov/archive/2025/al01/al012025.public.003.shtml,https://www.nhc.noaa.gov/archive/2025/al01/al012025.public.003.shtml,www.nhc.noaa.gov,Post-Tropical Cyclone ANDREA,,,"ZCZC MIATCPAT1 ALL TTAA00 KNHC DDHHMM BULLETIN Post-Tropical Cyclone Andrea Advisory Number 3 NWS National Hurricane Center Miami FL AL012025 1100 PM AST Tue Jun 24 2025 ...ANDREA BECOMES A REMNANT LOW... ...THIS IS THE FINAL ADVISORY... SUMMARY OF 1100 PM AST...0300 UTC...INFORMATION ----------------------------------------------- LOCATION...38.7N 45.2W ABOUT 985 MI...1585 KM W OF THE AZORES MAXIMUM SUSTAINED WINDS...35 MPH...55 KM H PRESENT MOVEMENT...ENE OR 60 DEGREES AT 20 MPH...31 KM H MINIMUM CENTRAL PRESSURE...1015 MB...29.98 INCHES WATCHES AND WARNINGS -------------------- There are no coastal watches or warnings in effect. DISCUSSION AND OUTLOOK ---------------------- At 1100 PM AST (0300 UTC), the center of Post-Tropical Cyclone Andrea was located near latitude 38.7 North, longitude 45.2 West. The post-tropical cyclone is moving toward the east-northeast near 20 mph (31 km h) and this motion is expected to continue until the circulation opens up into a trough. Maximum sustained winds have decreased to near 35 mph (55 km h) with higher gusts. Additional weakening is expected and the remnant low is expected to degenerate into a trough l. The estimated minimum central pressure is 1015 mb (29.98 inches). HAZARDS AFFECTING LAND ---------------------- None. NEXT ADVISORY ------------- This is the last public advisory issued by the National Hurricane Center on this system. Additional information on this system can be found in High Seas Forecasts issued by the National Weather Service, under AWIPS header NFDHSFAT1, WMO header FZNT01 KWBC, and online at ocean.weather.gov shtml NFDHSFAT1.php   Forecaster Papin NNNN",ZCZC MIATCPAT1 ALL TTAA00 KNHC DDHHMM BULLETIN Post-Tropical Cyclone Andrea Advisory Number 3 NWS National Hurricane Center Miami FL AL012025 1100 PM AST Tue Jun 24 2025 ...ANDREA BECOMES A REMNANT LO...,,forecast discussion,0,241,,0,2025-12-01T18:45:12.267841
https://www.nhc.noaa.gov/archive/2025/al01/al012025.fstadv.003.shtml,https://www.nhc.noaa.gov/archive/2025/al01/al012025.fstadv.003.shtml,www.nhc.noaa.gov,Post-Tropical Cyclone ANDREA,,,ZCZC MIATCMAT1 ALL TTAA00 KNHC DDHHMM POST-TROPICAL CYCLONE ANDREA FORECAST ADVISORY NUMBER 3 NWS NATIONAL HURRICANE CENTER MIAMI FL AL012025 0300 UTC WED JUN 25 2025 POST-TROPICAL CYCLONE CENTER LOCATED NEAR 38.7N 45.2W AT 25 0300Z POSITION ACCURATE WITHIN 30 NM PRESENT MOVEMENT TOWARD THE EAST-NORTHEAST OR 60 DEGREES AT 17 KT ESTIMATED MINIMUM CENTRAL PRESSURE 1015 MB MAX SUSTAINED WINDS 30 KT WITH GUSTS TO 40 KT. 4 M SEAS.... 0NE 0SE 60SW 0NW. WINDS AND SEAS VARY GREATLY IN EACH QUADRANT. RADII IN NAUTICAL MILES ARE THE LARGEST RADII EXPECTED ANYWHERE IN THAT QUADRANT. REPEAT...CENTER LOCATED NEAR 38.7N 45.2W AT 25 0300Z AT 25 0000Z CENTER WAS LOCATED NEAR 38.3N 45.7W FORECAST VALID 25 1200Z 40.1N 41.1W...POST-TROP REMNT LOW MAX WIND 25 KT...GUSTS 35 KT. FORECAST VALID 26 0000Z...DISSIPATED REQUEST FOR 3 HOURLY SHIP REPORTS WITHIN 300 MILES OF 38.7N 45.2W THIS IS THE LAST FORECAST ADVISORY ISSUED BY THE NATIONAL HURRICANE CENTER ON THIS SYSTEM. ADDITIONAL INFORMATION ON THIS SYSTEM CAN BE FOUND IN HIGH SEAS FORECASTS ISSUED BY THE NATIONAL WEATHER SERVICE...UNDER AWIPS HEADER NFDHSFAT1 AND WMO HEADER FZNT01 KWBC.   FORECASTER PAPIN NNNN,ZCZC MIATCMAT1 ALL TTAA00 KNHC DDHHMM POST-TROPICAL CYCLONE ANDREA FORECAST ADVISORY NUMBER 3 NWS NATIONAL HURRICANE CENTER MIAMI FL AL012025 0300 UTC WED JUN 25 2025 POST-TROPICAL CYCLONE CENTER LOCA...,,forecast discussion,0,187,,0,2025-12-01T18:45:13.430760
https://www.nhc.noaa.gov/archive/2025/al01/al012025.discus.002.shtml,https://www.nhc.noaa.gov/archive/2025/al01/al012025.discus.002.shtml,www.nhc.noaa.gov,Tropical Storm ANDREA,,,"ZCZC MIATCDAT1 ALL TTAA00 KNHC DDHHMM Tropical Storm Andrea Discussion Number 2 NWS National Hurricane Center Miami FL AL012025 500 PM AST Tue Jun 24 2025 Deep convection associated with Andrea collapsed around 1500Z and has not redeveloped. The latest subjective Dvorak current intensity estimate from TAFB was 1.5, which is in line with the degradation in satellite presentation. Scatterometer data from earlier this morning showed numerous 33 to 36 knot wind barbs, so the initial intensity for this advisory is held at 35 knots. The initial motion is 050 17 knots. This motion is expected to continue through dissipation, which is forecast to occur by 24 hours. The track forecast closely follows the latest consensus guidance. The clock is ticking on Andrea now with the loss of deep convection. This will be a short-lived tropical storm, as environmental conditions will become increasingly hostile during the next 12 to 24 hours. Water temperatures will drop to around 20 21C, with vertical wind shear increasing to 30-40 knots, in a dry mid-level environment. The intensity forecast shows Andrea becoming a post-tropical remnant low later tonight, with the system expected to dissipate on Wednesday. FORECAST POSITIONS AND MAX WINDS INIT 24 2100Z 37.9N 47.4W 35 KT 40 MPH 12H 25 0600Z 39.0N 44.5W 30 KT 35 MPH...POST-TROP REMNT LOW 24H 25 1800Z...DISSIPATED   Forecaster Jelsema Blake NNNN",ZCZC MIATCDAT1 ALL TTAA00 KNHC DDHHMM Tropical Storm Andrea Discussion Number 2 NWS National Hurricane Center Miami FL AL012025 500 PM AST Tue Jun 24 2025 Deep convection associated with Andrea collap...,,forecast discussion,0,224,FORECAST POSITIONS AND MAX WINDS INIT 24 2100Z 37.9N 47.4W 35 KT 40 MPH 12H 25 0600Z 39.0N 44.5W 30 KT 35 MPH...POST-TROP REMNT LOW 24H 25 1800Z...DISSIPATED   Forecaster Jelsema Blake NNNN,0,2025-12-01T18:45:16.814312
https://www.nhc.noaa.gov/archive/2025/al01/al012025.discus.001.shtml,https://www.nhc.noaa.gov/archive/2025/al01/al012025.discus.001.shtml,www.nhc.noaa.gov,Tropical Storm ANDREA,,,"ZCZC MIATCDAT1 ALL TTAA00 KNHC DDHHMM Tropical Storm Andrea Discussion Number 1 NWS National Hurricane Center Miami FL AL012025 1100 AM AST Tue Jun 24 2025 The area of low pressure between Bermuda and the Azores that we have been monitoring for a few days (90L) developed persistent deep convection overnight. This is shown by the latest subjective Dvorak current intensity estimate from TAFB of 2.0, and the current wind estimate of 35 kt is supported by the past several scatterometer passes showing 30 to 35 knot winds. Even though deep convection is now decreasing, due to the persistent convection overnight and pulsing convection over the past 36 hours, the system has met the criteria of being classified as a tropical storm, albeit a marginal one, making Tropical Storm Andrea the first Atlantic storm of the year. The initial motion is 060 15 knots. This motion is expected to continue through dissipation, which is forecast to occur by 36 hours. The track forecast closely follows the TVCA and HCCA consensus guidance. Andrea will be a short-lived tropical storm, as environmental conditions will become increasingly hostile over the next day or so. Water temperatures will plummet to around 21 22C, with vertical wind shear increasing to 35-40 knots, in a dry mid-level environment. The intensity forecast holds Andrea at tropical storm strength today, with the system weakening into a post-tropical remnant low by Wednesday morning because of the cold waters and dissipating shortly thereafter. FORECAST POSITIONS AND MAX WINDS INIT 24 1500Z 36.6N 48.9W 35 KT 40 MPH 12H 25 0000Z 37.9N 46.3W 35 KT 40 MPH 24H 25 1200Z 39.6N 41.5W 30 KT 35 MPH...POST-TROP REMNT LOW 36H 26 0000Z...DISSIPATED   Forecaster Jelsema Blake Hagen NNNN",ZCZC MIATCDAT1 ALL TTAA00 KNHC DDHHMM Tropical Storm Andrea Discussion Number 1 NWS National Hurricane Center Miami FL AL012025 1100 AM AST Tue Jun 24 2025 The area of low pressure between Bermuda and...,,forecast discussion,0,285,FORECAST POSITIONS AND MAX WINDS INIT 24 1500Z 36.6N 48.9W 35 KT 40 MPH 12H 25 0000Z 37.9N 46.3W 35 KT 40 MPH 24H 25 1200Z 39.6N 41.5W 30 KT 35 MPH...POST-TROP REMNT LOW 36H 26 0000Z...DISSIPATED   Forecaster Jelsema Blake Hagen NNNN,0,2025-12-01T18:45:17.950853
https://www.nhc.noaa.gov/archive/2025/al01/al012025.public.002.shtml,https://www.nhc.noaa.gov/archive/2025/al01/al012025.public.002.shtml,www.nhc.noaa.gov,Tropical Storm ANDREA,,,"ZCZC MIATCPAT1 ALL TTAA00 KNHC DDHHMM BULLETIN Tropical Storm Andrea Advisory Number 2 NWS National Hurricane Center Miami FL AL012025 500 PM AST Tue Jun 24 2025 ...ANDREA EXPECTED TO BECOME A POST-TROPICAL REMNANT LOW LATER TONIGHT... SUMMARY OF 500 PM AST...2100 UTC...INFORMATION ---------------------------------------------- LOCATION...37.9N 47.4W ABOUT 1110 MI...1785 KM W OF THE AZORES MAXIMUM SUSTAINED WINDS...40 MPH...65 KM H PRESENT MOVEMENT...NE OR 50 DEGREES AT 20 MPH...31 KM H MINIMUM CENTRAL PRESSURE...1015 MB...29.98 INCHES WATCHES AND WARNINGS -------------------- There are no coastal watches or warnings in effect. DISCUSSION AND OUTLOOK ---------------------- At 500 PM AST (2100 UTC), the center of Tropical Storm Andrea was located near latitude 37.9 North, longitude 47.4 West. Andrea is moving toward the northeast near 20 mph (31 km h), and this motion is expected to continue tonight and Wednesday. Maximum sustained winds are near 40 mph (65 km h) with higher gusts. Weakening is expected to begin later tonight, with Andrea dissipating on Wednesday. Tropical-storm-force winds extend outward up to 60 miles (95 km) from the center. The estimated minimum central pressure is 1015 mb (29.98 inches). HAZARDS AFFECTING LAND ---------------------- None. NEXT ADVISORY ------------- Next complete advisory at 1100 PM AST.   Forecaster Jelsema Blake NNNN",ZCZC MIATCPAT1 ALL TTAA00 KNHC DDHHMM BULLETIN Tropical Storm Andrea Advisory Number 2 NWS National Hurricane Center Miami FL AL012025 500 PM AST Tue Jun 24 2025 ...ANDREA EXPECTED TO BECOME A POST-TR...,,forecast discussion,0,202,,0,2025-12-01T18:45:18.778537
https://www.nhc.noaa.gov/archive/2025/al01/al012025.public.001.shtml,https://www.nhc.noaa.gov/archive/2025/al01/al012025.public.001.shtml,www.nhc.noaa.gov,Tropical Storm ANDREA,,,"ZCZC MIATCPAT1 ALL TTAA00 KNHC DDHHMM BULLETIN Tropical Storm Andrea Advisory Number 1 NWS National Hurricane Center Miami FL AL012025 1100 AM AST Tue Jun 24 2025 ...ANDREA BECOMES THE FIRST TROPICAL STORM OF THE SEASON IN THE ATLANTIC... SUMMARY OF 1100 AM AST...1500 UTC...INFORMATION ----------------------------------------------- LOCATION...36.6N 48.9W ABOUT 1205 MI...1940 KM W OF THE AZORES MAXIMUM SUSTAINED WINDS...40 MPH...65 KM H PRESENT MOVEMENT...ENE OR 60 DEGREES AT 17 MPH...28 KM H MINIMUM CENTRAL PRESSURE...1014 MB...29.95 INCHES WATCHES AND WARNINGS -------------------- There are no coastal watches or warnings in effect. DISCUSSION AND OUTLOOK ---------------------- At 1100 AM AST (1500 UTC), the center of Tropical Storm Andrea was located near latitude 36.6 North, longitude 48.9 West. Andrea is moving toward the east-northeast near 17 mph (28 km h), and this motion is expected to continue for the next day or so. Maximum sustained winds are near 40 mph (65 km h) with higher gusts. Little change in strength is expected today. Weakening is expected to begin tonight, with Andrea dissipating by Wednesday night. Tropical-storm-force winds extend outward up to 45 miles (75 km) from the center. The estimated minimum central pressure is 1014 mb (29.95 inches). HAZARDS AFFECTING LAND ---------------------- None. NEXT ADVISORY ------------- Next complete advisory at 500 PM AST.   Forecaster Jelsema Blake Hagen NNNN",ZCZC MIATCPAT1 ALL TTAA00 KNHC DDHHMM BULLETIN Tropical Storm Andrea Advisory Number 1 NWS National Hurricane Center Miami FL AL012025 1100 AM AST Tue Jun 24 2025 ...ANDREA BECOMES THE FIRST TROPICAL ...,,forecast discussion,0,215,,0,2025-12-01T18:45:19.391831
https://www.nhc.noaa.gov/archive/2025/al01/al012025.fstadv.002.shtml,https://www.nhc.noaa.gov/archive/2025/al01/al012025.fstadv.002.shtml,www.nhc.noaa.gov,Tropical Storm ANDREA,,,ZCZC MIATCMAT1 ALL TTAA00 KNHC DDHHMM TROPICAL STORM ANDREA FORECAST ADVISORY NUMBER 2 NWS NATIONAL HURRICANE CENTER MIAMI FL AL012025 2100 UTC TUE JUN 24 2025 TROPICAL STORM CENTER LOCATED NEAR 37.9N 47.4W AT 24 2100Z POSITION ACCURATE WITHIN 30 NM PRESENT MOVEMENT TOWARD THE NORTHEAST OR 50 DEGREES AT 17 KT ESTIMATED MINIMUM CENTRAL PRESSURE 1015 MB MAX SUSTAINED WINDS 35 KT WITH GUSTS TO 45 KT. 34 KT....... 40NE 50SE 40SW 0NW. 4 M SEAS.... 0NE 60SE 60SW 0NW. WINDS AND SEAS VARY GREATLY IN EACH QUADRANT. RADII IN NAUTICAL MILES ARE THE LARGEST RADII EXPECTED ANYWHERE IN THAT QUADRANT. REPEAT...CENTER LOCATED NEAR 37.9N 47.4W AT 24 2100Z AT 24 1800Z CENTER WAS LOCATED NEAR 37.3N 48.1W FORECAST VALID 25 0600Z 39.0N 44.5W...POST-TROP REMNT LOW MAX WIND 30 KT...GUSTS 40 KT. FORECAST VALID 25 1800Z...DISSIPATED REQUEST FOR 3 HOURLY SHIP REPORTS WITHIN 300 MILES OF 37.9N 47.4W NEXT ADVISORY AT 25 0300Z   FORECASTER JELSEMA BLAKE NNNN,ZCZC MIATCMAT1 ALL TTAA00 KNHC DDHHMM TROPICAL STORM ANDREA FORECAST ADVISORY NUMBER 2 NWS NATIONAL HURRICANE CENTER MIAMI FL AL012025 2100 UTC TUE JUN 24 2025 TROPICAL STORM CENTER LOCATED NEAR 37.9N...,,forecast discussion,0,158,,0,2025-12-01T18:45:20.191190
https://www.nhc.noaa.gov/archive/2025/al01/al012025.fstadv.001.shtml,https://www.nhc.noaa.gov/archive/2025/al01/al012025.fstadv.001.shtml,www.nhc.noaa.gov,Tropical Storm ANDREA,,,ZCZC MIATCMAT1 ALL TTAA00 KNHC DDHHMM TROPICAL STORM ANDREA FORECAST ADVISORY NUMBER 1 NWS NATIONAL HURRICANE CENTER MIAMI FL AL012025 1500 UTC TUE JUN 24 2025 TROPICAL STORM CENTER LOCATED NEAR 36.6N 48.9W AT 24 1500Z POSITION ACCURATE WITHIN 30 NM PRESENT MOVEMENT TOWARD THE EAST-NORTHEAST OR 60 DEGREES AT 15 KT ESTIMATED MINIMUM CENTRAL PRESSURE 1014 MB MAX SUSTAINED WINDS 35 KT WITH GUSTS TO 45 KT. 34 KT....... 0NE 40SE 0SW 0NW. 4 M SEAS.... 0NE 75SE 0SW 0NW. WINDS AND SEAS VARY GREATLY IN EACH QUADRANT. RADII IN NAUTICAL MILES ARE THE LARGEST RADII EXPECTED ANYWHERE IN THAT QUADRANT. REPEAT...CENTER LOCATED NEAR 36.6N 48.9W AT 24 1500Z AT 24 1200Z CENTER WAS LOCATED NEAR 36.2N 49.7W FORECAST VALID 25 0000Z 37.9N 46.3W MAX WIND 35 KT...GUSTS 45 KT. 34 KT... 0NE 40SE 0SW 0NW. FORECAST VALID 25 1200Z 39.6N 41.5W...POST-TROP REMNT LOW MAX WIND 30 KT...GUSTS 40 KT. FORECAST VALID 26 0000Z...DISSIPATED REQUEST FOR 3 HOURLY SHIP REPORTS WITHIN 300 MILES OF 36.6N 48.9W NEXT ADVISORY AT 24 2100Z   FORECASTER JELSEMA BLAKE HAGEN NNNN,ZCZC MIATCMAT1 ALL TTAA00 KNHC DDHHMM TROPICAL STORM ANDREA FORECAST ADVISORY NUMBER 1 NWS NATIONAL HURRICANE CENTER MIAMI FL AL012025 1500 UTC TUE JUN 24 2025 TROPICAL STORM CENTER LOCATED NEAR 36.6N...,,forecast discussion,0,177,,0,2025-12-01T18:45:21.193573
https://www.nhc.noaa.gov/archive/2025/al02/al022025.discus.007.shtml,https://www.nhc.noaa.gov/archive/2025/al02/al022025.discus.007.shtml,www.nhc.noaa.gov,Remnants of BARRY,,,"ZCZC MIATCDAT2 ALL TTAA00 KNHC DDHHMM Remnants Of Barry Discussion Number 7 NWS National Hurricane Center Miami FL AL022025 400 AM CDT Mon Jun 30 2025 Barry made landfall around 0100 UTC just south of Tampico, Mexico. The intensity at landfall is uncertain, but it was likely around 30 or 35 kt when the center reached the coast. Since moving inland, satellite images and surface observations indicate that the low-level circulation has dissipated over the rugged terrain of eastern Mexico. Therefore, Barry is no longer a tropical cyclone and this is the last NHC advisory. Although the associated deep convection has decreased, there are still some small clusters of heavy rain. In fact, radar images show a mesoscale convective vortex over eastern Mexico associated with Barry's remaining mid-level circulation. The remnants of Barry will likely continue to produce heavy rainfall over portions of northeastern Mexico throughout the day, potentially causing flooding and mudslides. FORECAST POSITIONS AND MAX WINDS INIT 30 0900Z 23.0N 99.2W 25 KT 30 MPH...INLAND 12H 30 1800Z...DISSIPATED   Forecaster Cangialosi NNNN",ZCZC MIATCDAT2 ALL TTAA00 KNHC DDHHMM Remnants Of Barry Discussion Number 7 NWS National Hurricane Center Miami FL AL022025 400 AM CDT Mon Jun 30 2025 Barry made landfall around 0100 UTC just south of...,,forecast discussion,0,173,FORECAST POSITIONS AND MAX WINDS INIT 30 0900Z 23.0N 99.2W 25 KT 30 MPH...INLAND 12H 30 1800Z...DISSIPATED   Forecaster Cangialosi NNNN,0,2025-12-01T18:45:26.218381
https://www.nhc.noaa.gov/archive/2025/al02/al022025.discus.006.shtml,https://www.nhc.noaa.gov/archive/2025/al02/al022025.discus.006.shtml,www.nhc.noaa.gov,Tropical Depression BARRY,,,"ZCZC MIATCDAT2 ALL TTAA00 KNHC DDHHMM Tropical Depression Barry Discussion Number 6 NWS National Hurricane Center Miami FL AL022025 1000 PM CDT Sun Jun 29 2025 Satellite and radar imagery show that Barry became less defined over the past several hours, and this has made the center difficult to locate. It is estimated that the system made landfall an hour or two ago, to the south of Tampico Mexico. Deep convection associated with the cyclone has diminished since earlier today. Strong westerly shear has apparently caused the system to weaken to a depression by the time it reached the coast. The current intensity estimate is set to 30 kt, which is in agreement with a Dvorak T-number from TAFB. Barry's initial motion estimate is still northwestward, or 320 8 kt, while being steered by the flow to the west of a high pressure system over the central Gulf. This general motion is likely to continue for the next 12-24 hours, taking the system farther inland. Barry should dissipate over the mountainous terrain of Mexico on Monday. The primary impact with Barry remains heavy rainfall and flash flooding for the upslope areas of eastern Mexico. Please see the latest forecast rainfall graphic from the Weather Prediction Center International Desk for more information. Key Message: 1. Barry or its remnants will produce heavy rainfall across portions of northeastern Mexico through Monday. Life-threatening flooding and mudslides are possible, particularly in areas of steep terrain. FORECAST POSITIONS AND MAX WINDS INIT 30 0300Z 22.0N 97.8W 30 KT 35 MPH...INLAND 12H 30 1200Z 22.7N 98.5W 25 KT 30 MPH...INLAND 24H 01 0000Z...DISSIPATED   Forecaster Pasch NNNN",ZCZC MIATCDAT2 ALL TTAA00 KNHC DDHHMM Tropical Depression Barry Discussion Number 6 NWS National Hurricane Center Miami FL AL022025 1000 PM CDT Sun Jun 29 2025 Satellite and radar imagery show that Ba...,,forecast discussion,0,270,FORECAST POSITIONS AND MAX WINDS INIT 30 0300Z 22.0N 97.8W 30 KT 35 MPH...INLAND 12H 30 1200Z 22.7N 98.5W 25 KT 30 MPH...INLAND 24H 01 0000Z...DISSIPATED   Forecaster Pasch NNNN,0,2025-12-01T18:45:27.530441
https://www.nhc.noaa.gov/archive/2025/al02/al022025.public.007.shtml,https://www.nhc.noaa.gov/archive/2025/al02/al022025.public.007.shtml,www.nhc.noaa.gov,Remnants of BARRY,,,"ZCZC MIATCPAT2 ALL TTAA00 KNHC DDHHMM BULLETIN Remnants Of Barry Advisory Number 7 NWS National Hurricane Center Miami FL AL022025 400 AM CDT Mon Jun 30 2025 ...BARRY DISSIPATES OVER EASTERN MEXICO... ...HEAVY RAIN STILL EXPECTED TO CONTINUE THROUGHOUT THE DAY... SUMMARY OF 400 AM CDT...0900 UTC...INFORMATION ---------------------------------------------- LOCATION...23.0N 99.2W ABOUT 100 MI...160 KM NW OF TAMPICO MEXICO MAXIMUM SUSTAINED WINDS...30 MPH...45 KM H PRESENT MOVEMENT...NW OR 305 DEGREES AT 12 MPH...19 KM H MINIMUM CENTRAL PRESSURE...1008 MB...29.77 INCHES WATCHES AND WARNINGS -------------------- There are no coastal watches or warnings in effect. DISCUSSION AND OUTLOOK ---------------------- At 400 AM CDT (0900 UTC), the remnants of Barry were located near latitude 23.0 North, longitude 99.2 West. The remnants are moving toward the northwest near 12 mph (19 km h). Maximum sustained winds are near 30 mph (45 km h) with higher gusts. The estimated minimum central pressure is 1008 mb (29.77 inches). HAZARDS AFFECTING LAND ---------------------- RAINFALL: The remnants of Barry are expected to produce additional rainfall totals of 3 to 5 inches, with isolated maximum totals of 8 inches, across portions of the Mexican states of San Luis Potosi and Tamaulipas through today. This rainfall may produce life-threatening flooding and mudslides, especially in areas of steep terrain. For a complete depiction of forecast rainfall and flash flooding associated with this system, please see the National Weather Service Storm Total Rainfall Graphic, available at hurricanes.gov graphics_at2.shtml?rainqpf NEXT ADVISORY ------------- This is the last public advisory issued by the National Hurricane Center on Barry.   Forecaster Cangialosi NNNN",ZCZC MIATCPAT2 ALL TTAA00 KNHC DDHHMM BULLETIN Remnants Of Barry Advisory Number 7 NWS National Hurricane Center Miami FL AL022025 400 AM CDT Mon Jun 30 2025 ...BARRY DISSIPATES OVER EASTERN MEXICO......,,forecast discussion,0,255,,0,2025-12-01T18:45:28.710337
https://www.nhc.noaa.gov/archive/2025/al02/al022025.public.006.shtml,https://www.nhc.noaa.gov/archive/2025/al02/al022025.public.006.shtml,www.nhc.noaa.gov,Tropical Depression BARRY,,,"ZCZC MIATCPAT2 ALL TTAA00 KNHC DDHHMM BULLETIN Tropical Depression Barry Advisory Number 6 NWS National Hurricane Center Miami FL AL022025 1000 PM CDT Sun Jun 29 2025 ...BARRY HAS MADE LANDFALL AS A TROPICAL DEPRESSION ON THE EAST COAST OF MEXICO... ...HEAVY RAINS LIKELY TO CONTINUE OVER PORTIONS OF EASTERN MEXICO FOR THE NEXT COUPLE OF DAYS... SUMMARY OF 1000 PM CDT...0300 UTC...INFORMATION ----------------------------------------------- LOCATION...22.0N 97.8W ABOUT 15 MI...25 KM SSE OF TAMPICO MEXICO MAXIMUM SUSTAINED WINDS...35 MPH...55 KM H PRESENT MOVEMENT...NW OR 320 DEGREES AT 9 MPH...15 KM H MINIMUM CENTRAL PRESSURE...1007 MB...29.74 INCHES WATCHES AND WARNINGS -------------------- CHANGES WITH THIS ADVISORY: The government of Mexico has discontinued the Tropical Storm Warning from Boca de Catan southward to Tecolutla. SUMMARY OF WATCHES AND WARNINGS IN EFFECT: There are no coastal watches or warnings in effect. For storm information specific to your area, please monitor products issued by your national meteorological service. DISCUSSION AND OUTLOOK ---------------------- At 1000 PM CDT (0300 UTC), the center of Tropical Depression Barry was located just inland near latitude 22.0 North, longitude 97.8 West. The depression is moving toward the northwest near 9 mph (15 km h) and this general motion is expected to continue through tonight. Maximum sustained winds have decreased to near 35 mph (55 km h) with higher gusts. Continued weakening is forecast, and Barry should dissipate over eastern Mexico on Monday. The estimated minimum central pressure is 1007 mb (29.74 inches). HAZARDS AFFECTING LAND ---------------------- Key messages for Tropical Storm Barry can be found in the Tropical Cyclone Discussion under AWIPS header MIATCDAT2 and WMO header WTNT42 KNHC. RAINFALL: Barry or its remnant is expected to produce rainfall totals of 3 to 6 inches, with isolated maximum totals of 10 inches, across portions of the Mexican states of Veracruz, San Luis Potosi, and Tamaulipas through Monday. This rainfall may produce life-threatening flooding and mudslides, especially in areas of steep terrain. For a complete depiction of forecast rainfall and flash flooding associated with Tropical Storm Barry, please see the National Weather Service Storm Total Rainfall Graphic, available at hurricanes.gov graphics_at2.shtml?rainqpf NEXT ADVISORY ------------- Next complete advisory at 400 AM CDT.   Forecaster Pasch NNNN",ZCZC MIATCPAT2 ALL TTAA00 KNHC DDHHMM BULLETIN Tropical Depression Barry Advisory Number 6 NWS National Hurricane Center Miami FL AL022025 1000 PM CDT Sun Jun 29 2025 ...BARRY HAS MADE LANDFALL AS A T...,,forecast discussion,0,361,,0,2025-12-01T18:45:30.262659
https://www.nhc.noaa.gov/archive/2025/al02/al022025.public_a.005.shtml,https://www.nhc.noaa.gov/archive/2025/al02/al022025.public_a.005.shtml,www.nhc.noaa.gov,Tropical Storm BARRY,,,"ZCZC MIATCPAT2 ALL TTAA00 KNHC DDHHMM BULLETIN Tropical Storm Barry Intermediate Advisory Number 5A NWS National Hurricane Center Miami FL AL022025 700 PM CDT Sun Jun 29 2025 ...BARRY NEAR THE EASTERN GULF COAST OF MEXICO... ...HEAVY RAINS AND FLASH FLOODING LIKELY OVER PORTIONS OF EASTERN MEXICO FOR THE NEXT FEW DAYS... SUMMARY OF 700 PM CDT...0000 UTC...INFORMATION ---------------------------------------------- LOCATION...21.6 97.2W ABOUT 60 MI...100 KM SE OF TAMPICO MEXICO MAXIMUM SUSTAINED WINDS...45 MPH...75 KM H PRESENT MOVEMENT...NW OR 320 DEGREES AT 8 MPH...13 KM H MINIMUM CENTRAL PRESSURE...1007 MB...29.74 INCHES WATCHES AND WARNINGS -------------------- CHANGES WITH THIS ADVISORY: None. SUMMARY OF WATCHES AND WARNINGS IN EFFECT: A Tropical Storm Warning is in effect for...   Gulf coast of Mexico from Boca de Catan southward to Tecolutla A Tropical Storm Warning means that tropical storm conditions are expected somewhere within the warning area, in this case within the next 12 hours. For storm information specific to your area, please monitor products issued by your national meteorological service. DISCUSSION AND OUTLOOK ---------------------- At 700 PM CDT (0000 UTC), the center of Tropical Storm Barry was located near latitude 21.6 North, longitude 97.2 West. Barry is moving toward the northwest near 8 mph (13 km h) and this general motion is expected to continue through tonight. On the forecast track, the storm is expected to make landfall within the tropical storm warning area in the next several hours and then move inland over eastern Mexico later tonight. Maximum sustained winds are near 45 mph (75 km h) with higher gusts. Little change is strength is anticipated before Barry makes landfall, but rapid weakening is expected to begin after the storm moves inland. Tropical-storm-force winds extend outward up to 45 miles (75 km) from the center. The estimated minimum central pressure is 1007 mb (29.74 inches). HAZARDS AFFECTING LAND ---------------------- Key messages for Tropical Storm Barry can be found in the Tropical Cyclone Discussion under AWIPS header MIATCDAT2 and WMO header WTNT42 KNHC. RAINFALL: Barry is expected to produce rainfall totals of 3 to 6 inches, with isolated maximum totals of 10 inches, across portions of the Mexican states of Veracruz, San Luis Potosi, and Tamaulipas through Monday. This rainfall may produce life-threatening flooding and mudslides, especially in areas of steep terrain. For a complete depiction of forecast rainfall and flash flooding associated with Tropical Storm Barry, please see the National Weather Service Storm Total Rainfall Graphic, available at hurricanes.gov graphics_at2.shtml?rainqpf WIND: Tropical storm conditions, especially in gusts, are expected in the tropical storm warning area during the next few hours. NEXT ADVISORY ------------- Next complete advisory at 1000 PM CDT.   Forecaster Pasch NNNN",ZCZC MIATCPAT2 ALL TTAA00 KNHC DDHHMM BULLETIN Tropical Storm Barry Intermediate Advisory Number 5A NWS National Hurricane Center Miami FL AL022025 700 PM CDT Sun Jun 29 2025 ...BARRY NEAR THE EASTERN...,,forecast discussion,0,439,,0,2025-12-01T18:45:31.531227
https://www.nhc.noaa.gov/archive/2025/al02/al022025.fstadv.007.shtml,https://www.nhc.noaa.gov/archive/2025/al02/al022025.fstadv.007.shtml,www.nhc.noaa.gov,Remnants of BARRY,,,ZCZC MIATCMAT2 ALL TTAA00 KNHC DDHHMM REMNANTS OF BARRY FORECAST ADVISORY NUMBER 7 NWS NATIONAL HURRICANE CENTER MIAMI FL AL022025 0900 UTC MON JUN 30 2025 REMNANTS OF CENTER LOCATED NEAR 23.0N 99.2W AT 30 0900Z POSITION ACCURATE WITHIN 25 NM PRESENT MOVEMENT TOWARD THE NORTHWEST OR 305 DEGREES AT 10 KT ESTIMATED MINIMUM CENTRAL PRESSURE 1008 MB MAX SUSTAINED WINDS 25 KT WITH GUSTS TO 35 KT. WINDS AND SEAS VARY GREATLY IN EACH QUADRANT. RADII IN NAUTICAL MILES ARE THE LARGEST RADII EXPECTED ANYWHERE IN THAT QUADRANT. REPEAT...CENTER LOCATED NEAR 23.0N 99.2W AT 30 0900Z AT 30 0600Z CENTER WAS LOCATED NEAR 22.4N 98.7W FORECAST VALID 30 1800Z...DISSIPATED REQUEST FOR 3 HOURLY SHIP REPORTS WITHIN 300 MILES OF 23.0N 99.2W THIS IS THE LAST FORECAST ADVISORY ISSUED BY THE NATIONAL HURRICANE CENTER ON THIS SYSTEM   FORECASTER CANGIALOSI NNNN,ZCZC MIATCMAT2 ALL TTAA00 KNHC DDHHMM REMNANTS OF BARRY FORECAST ADVISORY NUMBER 7 NWS NATIONAL HURRICANE CENTER MIAMI FL AL022025 0900 UTC MON JUN 30 2025 REMNANTS OF CENTER LOCATED NEAR 23.0N 99.2W ...,,forecast discussion,0,140,,0,2025-12-01T18:45:32.522147
https://www.nhc.noaa.gov/archive/2025/al02/al022025.fstadv.006.shtml,https://www.nhc.noaa.gov/archive/2025/al02/al022025.fstadv.006.shtml,www.nhc.noaa.gov,Tropical Depression BARRY,,,ZCZC MIATCMAT2 ALL TTAA00 KNHC DDHHMM TROPICAL DEPRESSION BARRY FORECAST ADVISORY NUMBER 6 NWS NATIONAL HURRICANE CENTER MIAMI FL AL022025 0300 UTC MON JUN 30 2025 TROPICAL DEPRESSION CENTER LOCATED NEAR 22.0N 97.8W AT 30 0300Z POSITION ACCURATE WITHIN 25 NM PRESENT MOVEMENT TOWARD THE NORTHWEST OR 320 DEGREES AT 8 KT ESTIMATED MINIMUM CENTRAL PRESSURE 1007 MB MAX SUSTAINED WINDS 30 KT WITH GUSTS TO 40 KT. WINDS AND SEAS VARY GREATLY IN EACH QUADRANT. RADII IN NAUTICAL MILES ARE THE LARGEST RADII EXPECTED ANYWHERE IN THAT QUADRANT. REPEAT...CENTER LOCATED NEAR 22.0N 97.8W AT 30 0300Z AT 30 0000Z CENTER WAS LOCATED NEAR 21.7N 97.4W FORECAST VALID 30 1200Z 22.7N 98.5W...INLAND MAX WIND 25 KT...GUSTS 35 KT. FORECAST VALID 01 0000Z...DISSIPATED REQUEST FOR 3 HOURLY SHIP REPORTS WITHIN 300 MILES OF 22.0N 97.8W NEXT ADVISORY AT 30 0900Z   FORECASTER PASCH NNNN,ZCZC MIATCMAT2 ALL TTAA00 KNHC DDHHMM TROPICAL DEPRESSION BARRY FORECAST ADVISORY NUMBER 6 NWS NATIONAL HURRICANE CENTER MIAMI FL AL022025 0300 UTC MON JUN 30 2025 TROPICAL DEPRESSION CENTER LOCATED N...,,forecast discussion,0,142,,0,2025-12-01T18:45:33.637317
https://www.nhc.noaa.gov/archive/2025/al02/al022025.discus.005.shtml,https://www.nhc.noaa.gov/archive/2025/al02/al022025.discus.005.shtml,www.nhc.noaa.gov,Tropical Storm BARRY,,,"ZCZC MIATCDAT2 ALL TTAA00 KNHC DDHHMM Tropical Storm Barry Discussion Number 5 NWS National Hurricane Center Miami FL AL022025 400 PM CDT Sun Jun 29 2025 Earlier this afternoon, in the final leg exiting Barry in the northeast quadrant, the Air Force Reserve Reconnaissance sampling the storm measured a 850 mb flight level wind of 51 kt at 1647 UTC. This data was the basis for increasing the winds to 40 kt at 18 UTC intermediate advisory using the standard surface wind reduction factor. Since the aircraft left the storm, the satellite presentation has remained quite unimpressive, with the deepest convection near the center being sheared off to the southeast, though a larger curved band is attempting to organize well to the northeast of the small surface vortex. The center has also been trackable on radar based out of Tampico, Mexico. Based partially off the earlier aircraft data, the intensity of Barry remains 40 kt this advisory, but this value is also close to the objective satellite estimates of 41 kt and 40 kt from ADT and SATCON respectively. Barry continues to move off to the northwest, with the latest motion estimated at 315 8 kt, faster than earlier today. The steering flow is well-established by a low-to-mid level ridge parked in the central Gulf, which should maintain Barry's northwestward motion until it makes landfall this evening near Cabo Rojo, between the cities of Tuxpan and Tampico, Mexico. The latest NHC track is only slightly more right than the prior track, and is closest to the interpolated 12 UTC ECMWF track aid this cycle (EMXI). Time is just about up for Barry to intensify more before it makes landfall along the eastern Gulf coast of Mexico. Weakening should begin shortly after the tropical storm moves inland and especially when it encounters the high rugged terrain located in East-Central Mexico. This weakening is reflected in the latest NHC intensity forecast, and Barry will likely dissipate before the end of the day on Monday, in good agreement with the vast majority of the global and hurricane regional model guidance. The primary impact with Barry remains heavy rainfall and flash flooding for the upslope areas of eastern Mexico. Please see the latest forecast rainfall graphic from the Weather Prediction Center International Desk for more information. Key Messages: 1. Tropical Storm Barry will produce heavy rainfall across portions of northeastern Mexico through Monday. Life-threatening flooding and mudslides are possible, particularly in areas of steep terrain. 2. Tropical storm conditions, especially in gusts, are expected later today and tonight over portions of eastern Mexico in the tropical storm warning area. FORECAST POSITIONS AND MAX WINDS INIT 29 2100Z 21.2N 96.9W 40 KT 45 MPH 12H 30 0600Z 22.0N 97.9W 30 KT 35 MPH...INLAND 24H 30 1800Z 22.8N 98.8W 20 KT 25 MPH...POST-TROP INLAND 36H 01 0600Z...DISSIPATED   Forecaster Papin NNNN","ZCZC MIATCDAT2 ALL TTAA00 KNHC DDHHMM Tropical Storm Barry Discussion Number 5 NWS National Hurricane Center Miami FL AL022025 400 PM CDT Sun Jun 29 2025 Earlier this afternoon, in the final leg exiti...",,forecast discussion,0,474,FORECAST POSITIONS AND MAX WINDS INIT 29 2100Z 21.2N 96.9W 40 KT 45 MPH 12H 30 0600Z 22.0N 97.9W 30 KT 35 MPH...INLAND 24H 30 1800Z 22.8N 98.8W 20 KT 25 MPH...POST-TROP INLAND 36H 01 0600Z...DISSIPATED   Forecaster Papin NNNN,0,2025-12-01T18:45:39.344247
https://www.nhc.noaa.gov/archive/2025/al02/al022025.discus.004.shtml,https://www.nhc.noaa.gov/archive/2025/al02/al022025.discus.004.shtml,www.nhc.noaa.gov,Tropical Storm BARRY,,,"ZCZC MIATCDAT2 ALL TTAA00 KNHC DDHHMM Tropical Storm Barry Discussion Number 4 NWS National Hurricane Center Miami FL AL022025 1000 AM CDT Sun Jun 29 2025 Convective activity with the system has increased somewhat this morning, though it is not terribly well-organized, thanks in large part to continued 25-30 kt westerly vertical wind shear over the system. Air Force Reserve Reconnaissance is currently sampling the system, and has found a better defined center this morning with fixes also indicating that the system is gaining more latitude. Within the past 20 minutes, a northeast inbound leg into the storm found 850 mb flight level winds of 43 kt, and a dropsonde with a surface wind gust of 39 kt. This recent wind information is the primary basis for increasing the winds to 35 kt, making the depression Tropical Storm Barry. Aircraft fixes indicate the storm is now moving northwestward, with the motion estimated at 310 5 kt. A narrow low-to-mid level ridge over the central Gulf should continue to steer the tropical cyclone in this direction until it makes landfall over eastern Mexico by the end of today or tonight. The latest NHC track forecast is just a bit more northwestward compared to the prior one, mostly accounting for changes in the initial position, but remain in good agreement with the track guidance consensus. As mentioned previously, the strongest winds are expected to occur north of the center along the coast within the tropical storm warning area this afternoon and tonight. An upper-level trough located over southern Texas appears partially responsible for the unfavorable upper-level winds currently over the tropical storm. This is unlikely to change today, and in fact might even get worse as upper-level outflow from newly formed Tropical Storm Flossie in the eastern Pacific becomes more pronounced. Despite the shear, waters over the Gulf remain warm (28-29 C) and there is plenty of deep-layer moisture. The upper-level flow pattern is also quite difluent over the system, so the latest NHC intensity forecast shows a little more intensification before landfall tonight over eastern Mexico. This is more or less in line with the regional hurricane model guidance (e.g., HWRF and HAFS-B). The system should then weaken quickly as soon as it moves inland overnight with complete dissipation over the rugged terrain of central Mexico by the end of the day Monday. The primary impacts with Barry remain heavy rainfall and flash flooding for portions of eastern Mexico in upslope terrain as the system moves inland over the area of over the next day or two. Key Messages: 1. Tropical Storm Barry will produce heavy rainfall across portions of northeastern Mexico. Life-threatening flooding and mudslides, especially in areas of steep terrain, are possible. 2. Tropical storm conditions, especially in gusts, are expected later today and tonight over portions of eastern Mexico in the tropical storm warning area. FORECAST POSITIONS AND MAX WINDS INIT 29 1500Z 20.4N 96.2W 35 KT 40 MPH 12H 30 0000Z 21.2N 97.2W 40 KT 45 MPH 24H 30 1200Z 22.0N 98.2W 30 KT 35 MPH...INLAND 36H 01 0000Z...DISSIPATED   Forecaster Papin NNNN",ZCZC MIATCDAT2 ALL TTAA00 KNHC DDHHMM Tropical Storm Barry Discussion Number 4 NWS National Hurricane Center Miami FL AL022025 1000 AM CDT Sun Jun 29 2025 Convective activity with the system has incre...,,forecast discussion,0,515,FORECAST POSITIONS AND MAX WINDS INIT 29 1500Z 20.4N 96.2W 35 KT 40 MPH 12H 30 0000Z 21.2N 97.2W 40 KT 45 MPH 24H 30 1200Z 22.0N 98.2W 30 KT 35 MPH...INLAND 36H 01 0000Z...DISSIPATED   Forecaster Papin NNNN,0,2025-12-01T18:45:40.815305
https://www.nhc.noaa.gov/archive/2025/al02/al022025.discus.003.shtml,https://www.nhc.noaa.gov/archive/2025/al02/al022025.discus.003.shtml,www.nhc.noaa.gov,Tropical Depression TWO,,,"ZCZC MIATCDAT2 ALL TTAA00 KNHC DDHHMM Tropical Depression Two Discussion Number 3 NWS National Hurricane Center Miami FL AL022025 400 AM CDT Sun Jun 29 2025 The Air Force Hurricane Hunters have been investigating the depression over the Bay of Campeche this morning and found that the system is quite disorganized. In fact, the depression may not even have a well-defined circulation. Even though the structure of the system is poorly organized, the aircraft data and ship observations indicate that the winds have increased some. Based on that information, the initial intensity is nudged upward to 30 kt. The depression has been moving a little to the south of the previous forecast, and the latest initial motion estimate is 290 8 kt. The system is expected to turn northwestward later today as it tracks along the western periphery of a low- to mid-level ridge. This motion should take the cyclone inland over eastern Mexico late today or tonight. Most of the strong winds are expected to occur to the north of the center along the coast within the tropical storm warning area this afternoon through early Monday. Some slight additional strengthening is possible before the system moves inland. However, none of the models show much intensification and given the poor initial structure and limited time over water, significant strengthening seems highly unlikely. The system is expected to dissipate over the rugged terrain of eastern Mexico on Monday. Key Messages: 1. Tropical Depression Two will produce heavy rainfall across portions of northeastern Mexico. Life-threatening flooding and mudslides, especially in areas of steep terrain, are possible. 2. Tropical storm conditions, especially in gusts, are expected later today and tonight over portions of eastern Mexico in the tropical storm warning area. FORECAST POSITIONS AND MAX WINDS INIT 29 0900Z 19.9N 95.9W 30 KT 35 MPH 12H 29 1800Z 20.6N 96.9W 35 KT 40 MPH 24H 30 0600Z 21.6N 98.0W 30 KT 35 MPH 36H 30 1800Z...DISSIPATED   Forecaster Cangialosi NNNN",ZCZC MIATCDAT2 ALL TTAA00 KNHC DDHHMM Tropical Depression Two Discussion Number 3 NWS National Hurricane Center Miami FL AL022025 400 AM CDT Sun Jun 29 2025 The Air Force Hurricane Hunters have been i...,,forecast discussion,0,326,FORECAST POSITIONS AND MAX WINDS INIT 29 0900Z 19.9N 95.9W 30 KT 35 MPH 12H 29 1800Z 20.6N 96.9W 35 KT 40 MPH 24H 30 0600Z 21.6N 98.0W 30 KT 35 MPH 36H 30 1800Z...DISSIPATED   Forecaster Cangialosi NNNN,0,2025-12-01T18:45:42.192172
https://www.nhc.noaa.gov/archive/2025/al02/al022025.discus.002.shtml,https://www.nhc.noaa.gov/archive/2025/al02/al022025.discus.002.shtml,www.nhc.noaa.gov,Tropical Depression TWO,,,"ZCZC MIATCDAT2 ALL TTAA00 KNHC DDHHMM Tropical Depression Two Discussion Number 2 NWS National Hurricane Center Miami FL AL022025 1000 PM CDT Sat Jun 28 2025 Tropical Depression Two is poorly organized at this time. During the latter part of the Hurricane Hunter Mission this afternoon, the aircraft was unable to close off the circulation. Since that time, conventional satellite imagery and 2235 UTC SSM IS overpass show little change in organization, although surface observations suggest the circulation is still closed. The initial intensity is held at 25 kt in agreement with current satellite intensity estimates. The initial motion is a somewhat uncertain 295 7. The subtropical ridge to the east and northeast of the cyclone should steer the system generally west-northwestward for the next couple of days, bringing the center to the eastern coast of Mexico near the 24 h point. There is little change in either the track guidance or the track forecast since the last advisory. It should be noted that some erratic motion could occur as the circulation interacts with the coast of Mexico. The cyclone is experiencing 20-25 kt of southwesterly vertical shear. However, the upper-level winds are divergent, which should allow the system to produce significant convection. It is expected that this convection will lead to a little strengthening despite the shear, and based on this the depression is forecast to become a tropical storm near the time of landfall. After landfall, the cyclone is expected to rapidly weaken over eastern Mexico. Given the forecast for the depression to become a tropical storm before landfall, a Tropical Storm Warning is in effect for a portion of their eastern Gulf coastline of Mexico. Key Messages: 1. Tropical storm conditions are expected on Sunday for portions of the Gulf coast of Mexico where a Tropical Storm Warning is in effect. 2. Tropical Depression Two will produce heavy rainfall across portions of northeastern Mexico. Life-threatening flooding and mudslides, especially in areas of steep terrain, are possible. FORECAST POSITIONS AND MAX WINDS INIT 29 0300Z 19.7N 95.1W 25 KT 30 MPH 12H 29 1200Z 20.3N 96.0W 30 KT 35 MPH 24H 30 0000Z 21.3N 97.3W 35 KT 40 MPH 36H 30 1200Z 22.1N 98.8W 25 KT 30 MPH...INLAND 48H 01 0000Z...DISSIPATED   Forecaster Beven NNNN",ZCZC MIATCDAT2 ALL TTAA00 KNHC DDHHMM Tropical Depression Two Discussion Number 2 NWS National Hurricane Center Miami FL AL022025 1000 PM CDT Sat Jun 28 2025 Tropical Depression Two is poorly organize...,,forecast discussion,0,376,FORECAST POSITIONS AND MAX WINDS INIT 29 0300Z 19.7N 95.1W 25 KT 30 MPH 12H 29 1200Z 20.3N 96.0W 30 KT 35 MPH 24H 30 0000Z 21.3N 97.3W 35 KT 40 MPH 36H 30 1200Z 22.1N 98.8W 25 KT 30 MPH...INLAND 48H 01 0000Z...DISSIPATED   Forecaster Beven NNNN,0,2025-12-01T18:45:43.201972
https://www.nhc.noaa.gov/archive/2025/al02/al022025.public.005.shtml,https://www.nhc.noaa.gov/archive/2025/al02/al022025.public.005.shtml,www.nhc.noaa.gov,Tropical Storm BARRY,,,"ZCZC MIATCPAT2 ALL TTAA00 KNHC DDHHMM BULLETIN Tropical Storm Barry Advisory Number 5 NWS National Hurricane Center Miami FL AL022025 400 PM CDT Sun Jun 29 2025 ...BARRY NEARING THE EASTERN GULF COAST OF MEXICO... ...HEAVY RAINS AND FLASH FLOODING ANTICIPATED OVER PARTS OF EASTERN MEXICO FOR THE NEXT SEVERAL DAYS... SUMMARY OF 400 PM CDT...2100 UTC...INFORMATION ---------------------------------------------- LOCATION...21.2N 96.9W ABOUT 35 MI...55 KM ENE OF TUXPAN MEXICO ABOUT 95 MI...150 KM SE OF TAMPICO MEXICO MAXIMUM SUSTAINED WINDS...45 MPH...75 KM H PRESENT MOVEMENT...NW OR 315 DEGREES AT 9 MPH...15 KM H MINIMUM CENTRAL PRESSURE...1006 MB...29.71 INCHES WATCHES AND WARNINGS -------------------- CHANGES WITH THIS ADVISORY: None. SUMMARY OF WATCHES AND WARNINGS IN EFFECT: A Tropical Storm Warning is in effect for...   Gulf coast of Mexico from Boca de Catan southward to Tecolutla A Tropical Storm Warning means that tropical storm conditions are expected somewhere within the warning area, in this case within the next 12 hours. For storm information specific to your area, please monitor products issued by your national meteorological service. DISCUSSION AND OUTLOOK ---------------------- At 400 PM CDT (2100 UTC), the center of Tropical Storm Barry was located near latitude 21.2 North, longitude 96.9 West. Barry is moving toward the northwest near 9 mph (15 km h) and this motion is expected to continue this afternoon. On the forecast track, the storm is expected to make landfall this evening and then move inland over eastern Mexico later tonight. Maximum sustained winds are near 45 mph (75 km h) with higher gusts. Little change is strength is anticipated before Barry makes landfall, but rapid weakening is expected to begin after the storm moves inland. Tropical-storm-force winds extend outward up to 45 miles (75 km) from the center. The estimated minimum central pressure is 1006 mb (29.71 inches). HAZARDS AFFECTING LAND ---------------------- Key messages for Tropical Storm Barry can be found in the Tropical Cyclone Discussion under AWIPS header MIATCDAT2 and WMO header WTNT42 KNHC. RAINFALL: Tropical Storm Barry is expected to produce rainfall totals of 3 to 6 inches, with isolated maximum totals of 10 inches, across portions of the Mexican states of Veracruz, San Luis Potosi, and Tamaulipas through Monday. This rainfall may produce life-threatening flooding and mudslides, especially in areas of steep terrain. For a complete depiction of forecast rainfall and flash flooding associated with Tropical Storm Barry, please see the National Weather Service Storm Total Rainfall Graphic, available at hurricanes.gov graphics_at2.shtml?rainqpf WIND: Tropical storm conditions, especially in gusts, are expected in the tropical storm warning area beginning shortly. NEXT ADVISORY ------------- Next intermediate advisory at 700 PM CDT. Next complete advisory at 1000 PM CDT.   Forecaster Papin NNNN",ZCZC MIATCPAT2 ALL TTAA00 KNHC DDHHMM BULLETIN Tropical Storm Barry Advisory Number 5 NWS National Hurricane Center Miami FL AL022025 400 PM CDT Sun Jun 29 2025 ...BARRY NEARING THE EASTERN GULF COAST...,,forecast discussion,0,442,,0,2025-12-01T18:45:44.583220
https://www.nhc.noaa.gov/archive/2025/al02/al022025.public_a.004.shtml,https://www.nhc.noaa.gov/archive/2025/al02/al022025.public_a.004.shtml,www.nhc.noaa.gov,Tropical Storm BARRY,,,"ZCZC MIATCPAT2 ALL TTAA00 KNHC DDHHMM BULLETIN Tropical Storm Barry Intermediate Advisory Number 4A NWS National Hurricane Center Miami FL AL022025 100 PM CDT Sun Jun 29 2025 ...AIRCRAFT FINDS BARRY A LITTLE STRONGER... ...HEAVY RAINS AND FLASH FLOODING ANTICIPATED OVER PARTS OF EASTERN MEXICO FOR THE NEXT SEVERAL DAYS... SUMMARY OF 100 PM CDT...1800 UTC...INFORMATION ---------------------------------------------- LOCATION...20.8N 96.6W ABOUT 50 MI...80 KM ESE OF TUXPAN MEXICO ABOUT 130 MI...205 KM SE OF TAMPICO MEXICO MAXIMUM SUSTAINED WINDS...45 MPH...75 KM H PRESENT MOVEMENT...NW OR 315 DEGREES AT 12 MPH...19 KM H MINIMUM CENTRAL PRESSURE...1006 MB...29.71 INCHES WATCHES AND WARNINGS -------------------- CHANGES WITH THIS ADVISORY: None. SUMMARY OF WATCHES AND WARNINGS IN EFFECT: A Tropical Storm Warning is in effect for...   Gulf coast of Mexico from Boca de Catan southward to Tecolutla A Tropical Storm Warning means that tropical storm conditions are expected somewhere within the warning area, in this case within the next 12 hours. For storm information specific to your area, please monitor products issued by your national meteorological service. DISCUSSION AND OUTLOOK ---------------------- At 100 PM CDT (1800 UTC), the center of Tropical Storm Barry was located by aircraft near latitude 20.8 North, longitude 96.6 West. Barry is moving a little faster toward the northwest near 12 mph (19 km h), and this motion is expected to continue today. On the forecast track, the storm is expected to make landfall and then move inland over eastern Mexico later this afternoon or tonight. Air Force Reconnaissance data indicates that maximum sustained winds have increase to near 45 mph (75 km h) with higher gusts. Some slight intensification is possible before the system reaches the coast of eastern Mexico by this evening but rapid weakening is expected after the system moves inland. Tropical-storm-force winds extend outward up to 35 miles (55 km) from the center. The minimum central pressure earlier estimated from Air Force Reserve Reconnaissance dropsonde data is 1006 mb (29.71 inches). HAZARDS AFFECTING LAND ---------------------- Key messages for Tropical Storm Barry can be found in the Tropical Cyclone Discussion under AWIPS header MIATCDAT2 and WMO header WTNT42 KNHC. RAINFALL: Tropical Storm Barry is expected to produce rainfall totals of 3 to 6 inches, with isolated maximum totals of 10 inches, across the Mexican states of Veracruz, San Luis Potosi, and Tamaulipas through Monday. This rainfall may produce life-threatening flooding and mudslides, especially in areas of steep terrain. For a complete depiction of forecast rainfall and flash flooding associated with Tropical Storm Barry, please see the National Weather Service Storm Total Rainfall Graphic, available at hurricanes.gov graphics_at2.shtml?rainqpf WIND: Tropical storm conditions, especially in gusts, are expected in the tropical storm warning area beginning shortly. NEXT ADVISORY ------------- Next complete advisory at 400 PM CDT.   Forecaster Papin NNNN",ZCZC MIATCPAT2 ALL TTAA00 KNHC DDHHMM BULLETIN Tropical Storm Barry Intermediate Advisory Number 4A NWS National Hurricane Center Miami FL AL022025 100 PM CDT Sun Jun 29 2025 ...AIRCRAFT FINDS BARRY A...,,forecast discussion,0,458,,0,2025-12-01T18:45:46.060441
https://www.nhc.noaa.gov/archive/2025/al02/al022025.public.004.shtml,https://www.nhc.noaa.gov/archive/2025/al02/al022025.public.004.shtml,www.nhc.noaa.gov,Tropical Storm BARRY,,,"ZCZC MIATCPAT2 ALL TTAA00 KNHC DDHHMM BULLETIN Tropical Storm Barry Advisory Number 4 NWS National Hurricane Center Miami FL AL022025 1000 AM CDT Sun Jun 29 2025 ...AIRCRAFT DATA INDICATES DEPRESSION HAS BECOME TROPICAL STORM BARRY... ...HEAVY RAINS CONTINUING OVER EASTERN MEXICO FOR THE NEXT SEVERAL DAYS... SUMMARY OF 1000 AM CDT...1500 UTC...INFORMATION ----------------------------------------------- LOCATION...20.4N 96.2W ABOUT 90 MI...140 KM ESE OF TUXPAN MEXICO ABOUT 165 MI...265 KM SE OF TAMPICO MEXICO MAXIMUM SUSTAINED WINDS...40 MPH...65 KM H PRESENT MOVEMENT...NW OR 310 DEGREES AT 6 MPH...9 KM H MINIMUM CENTRAL PRESSURE...1006 MB...29.71 INCHES WATCHES AND WARNINGS -------------------- CHANGES WITH THIS ADVISORY: None. SUMMARY OF WATCHES AND WARNINGS IN EFFECT: A Tropical Storm Warning is in effect for...   Gulf coast of Mexico from Boca de Catan southward to Tecolutla A Tropical Storm Warning means that tropical storm conditions are expected somewhere within the warning area, in this case within 12-24 hours. For storm information specific to your area, please monitor products issued by your national meteorological service. DISCUSSION AND OUTLOOK ---------------------- At 1000 AM CDT (1500 UTC), the center of Tropical Storm Barry was located by aircraft near latitude 20.4 North, longitude 96.2 West. Barry is moving toward the northwest near 6 mph (9 km h), and this motion is expected to continue today. On the forecast track, the storm is expected to make landfall and then move inland over eastern Mexico later today or tonight. Air Force Reconnaissance data indicates that maximum sustained winds have increase to near 40 mph (65 km h) with higher gusts. A little more intensification is forecast before the system reaches the coast of eastern Mexico. Rapid weakening is expected after the system moves inland. Tropical-storm-force winds extend outward up to 35 miles (55 km) from the center. The minimum central pressure estimated from Air Force Reserve Reconnaissance dropsonde data is 1006 mb (29.71 inches). HAZARDS AFFECTING LAND ---------------------- Key messages for Tropical Storm Barry can be found in the Tropical Cyclone Discussion under AWIPS header MIATCDAT2 and WMO header WTNT42 KNHC. RAINFALL: Tropical Storm Barry is expected to produce rainfall totals of 3 to 6 inches, with isolated maximum totals of 10 inches, across the Mexican states of Veracruz, San Luis Potosi, and Tamaulipas through Monday. This rainfall may produce life-threatening flooding and mudslides, especially in areas of steep terrain. For a complete depiction of forecast rainfall and flash flooding associated with Tropical Storm Barry, please see the National Weather Service Storm Total Rainfall Graphic, available at hurricanes.gov graphics_at2.shtml?rainqpf WIND: Tropical storm conditions, especially in gusts, are expected in the tropical storm warning area beginning this afternoon. NEXT ADVISORY ------------- Next intermediate advisory at 100 PM CDT. Next complete advisory at 400 PM CDT.   Forecaster Papin NNNN",ZCZC MIATCPAT2 ALL TTAA00 KNHC DDHHMM BULLETIN Tropical Storm Barry Advisory Number 4 NWS National Hurricane Center Miami FL AL022025 1000 AM CDT Sun Jun 29 2025 ...AIRCRAFT DATA INDICATES DEPRESSION ...,,forecast discussion,0,453,,0,2025-12-01T18:45:47.337295
https://www.nhc.noaa.gov/archive/2025/al02/al022025.public_a.003.shtml,https://www.nhc.noaa.gov/archive/2025/al02/al022025.public_a.003.shtml,www.nhc.noaa.gov,Tropical Depression TWO,,,"ZCZC MIATCPAT2 ALL TTAA00 KNHC DDHHMM BULLETIN Tropical Depression Two Intermediate Advisory Number 3A NWS National Hurricane Center Miami FL AL022025 700 AM CDT Sun Jun 29 2025 ...HEAVY RAINS EXPECTED TO CONTINUE OVER EASTERN MEXICO TODAY... SUMMARY OF 700 AM CDT...1200 UTC...INFORMATION ---------------------------------------------- LOCATION...20.0N 96.0W ABOUT 65 MI...105 KM N OF VERACRUZ MEXICO ABOUT 105 MI...170 KM SE OF TUXPAN MEXICO MAXIMUM SUSTAINED WINDS...35 MPH...55 KM H PRESENT MOVEMENT...WNW OR 290 DEGREES AT 9 MPH...15 KM H MINIMUM CENTRAL PRESSURE...1010 MB...29.83 INCHES WATCHES AND WARNINGS -------------------- CHANGES WITH THIS ADVISORY: None. SUMMARY OF WATCHES AND WARNINGS IN EFFECT: A Tropical Storm Warning is in effect for...   Gulf coast of Mexico from Boca de Catan southward to Tecolutla A Tropical Storm Warning means that tropical storm conditions are expected somewhere within the warning area, in this case within 12-24 hours. For storm information specific to your area, please monitor products issued by your national meteorological service. DISCUSSION AND OUTLOOK ---------------------- At 700 AM CDT (1200 UTC), the center of Tropical Depression Two was located near latitude 20.0 North, longitude 96.0 West. The depression is moving toward the west-northwest near 9 mph (15 km h). A turn to the northwest is expected later today. On the forecast track, the system is expected to move inland over eastern Mexico later today or tonight. Maximum sustained winds are near 35 mph (55 km h) with higher gusts. Some slight additional strengthening is possible before the system reaches the coast of eastern Mexico. The estimated minimum central pressure based on Air Force Reserve Reconnaissance data is 1010 mb (29.83 inches). HAZARDS AFFECTING LAND ---------------------- Key messages for Tropical Depression Two can be found in the Tropical Cyclone Discussion under AWIPS header MIATCDAT2 and WMO header WTNT42 KNHC. RAINFALL: Tropical Depression Two is expected to produce rainfall totals of 3 to 6 inches, with isolated maximum totals of 10 inches, across the Mexican states of Veracruz, San Luis Potosi, and Tamaulipas through Monday. This rainfall may produce life-threatening flooding and mudslides, especially in areas of steep terrain. For a complete depiction of forecast rainfall and flash flooding associated with Tropical Depression Two, please see the National Weather Service Storm Total Rainfall Graphic, available at hurricanes.gov graphics_at2.shtml?rainqpf WIND: Tropical storm conditions, especially in gusts, are expected in the tropical storm warning area beginning this afternoon. NEXT ADVISORY ------------- Next complete advisory at 1000 AM CDT.   Forecaster Papin NNNN",ZCZC MIATCPAT2 ALL TTAA00 KNHC DDHHMM BULLETIN Tropical Depression Two Intermediate Advisory Number 3A NWS National Hurricane Center Miami FL AL022025 700 AM CDT Sun Jun 29 2025 ...HEAVY RAINS EXPECTE...,,forecast discussion,0,402,,0,2025-12-01T18:45:48.423962
https://www.nhc.noaa.gov/archive/2025/al02/al022025.public.003.shtml,https://www.nhc.noaa.gov/archive/2025/al02/al022025.public.003.shtml,www.nhc.noaa.gov,Tropical Depression TWO,,,"ZCZC MIATCPAT2 ALL TTAA00 KNHC DDHHMM BULLETIN Tropical Depression Two Advisory Number 3 NWS National Hurricane Center Miami FL AL022025 400 AM CDT Sun Jun 29 2025 ...HEAVY RAINS BEGINNING TO SPREAD ACROSS PORTIONS OF EASTERN MEXICO... SUMMARY OF 400 AM CDT...0900 UTC...INFORMATION ---------------------------------------------- LOCATION...19.9N 95.9W ABOUT 50 MI...85 KM NNE OF VERACRUZ MEXICO ABOUT 125 MI...200 KM SE OF TUXPAN MEXICO MAXIMUM SUSTAINED WINDS...35 MPH...55 KM H PRESENT MOVEMENT...WNW OR 290 DEGREES AT 9 MPH...15 KM H MINIMUM CENTRAL PRESSURE...1010 MB...29.83 INCHES WATCHES AND WARNINGS -------------------- CHANGES WITH THIS ADVISORY: None. SUMMARY OF WATCHES AND WARNINGS IN EFFECT: A Tropical Storm Warning is in effect for...   Gulf coast of Mexico from Boca de Catan southward to Tecolutla A Tropical Storm Warning means that tropical storm conditions are expected somewhere within the warning area, in this case within 24 hours. For storm information specific to your area, please monitor products issued by your national meteorological service. DISCUSSION AND OUTLOOK ---------------------- At 400 AM CDT (0900 UTC), the center of Tropical Depression Two was located near latitude 19.9 North, longitude 95.9 West. The depression is moving toward the west-northwest near 9 mph (15 km h). A turn to the northwest is expected later today. On the forecast track, the system is expected to move inland over eastern Mexico late today or tonight. Maximum sustained winds are near 35 mph (55 km h) with higher gusts. Some slight additional strengthening is possible before the system reaches the coast of eastern Mexico. The estimated minimum central pressure is 1010 mb (29.83 inches). HAZARDS AFFECTING LAND ---------------------- Key messages for Tropical Depression Two can be found in the Tropical Cyclone Discussion under AWIPS header MIATCDAT2 and WMO header WTNT42 KNHC. RAINFALL: Tropical Depression Two is expected to produce rainfall totals of 3 to 6 inches, with isolated maximum totals of 10 inches, across the Mexican states of Veracruz, San Luis Potosi, and Tamaulipas through Monday. This rainfall may produce life-threatening flooding and mudslides, especially in areas of steep terrain. For a complete depiction of forecast rainfall and flash flooding associated with Tropical Depression Two, please see the National Weather Service Storm Total Rainfall Graphic, available at hurricanes.gov graphics_at2.shtml?rainqpf WIND: Tropical storm conditions, especially in gusts, are expected in the tropical storm warning area beginning this afternoon. NEXT ADVISORY ------------- Next intermediate advisory at 700 AM CDT. Next complete advisory at 1000 AM CDT.   Forecaster Cangialosi NNNN",ZCZC MIATCPAT2 ALL TTAA00 KNHC DDHHMM BULLETIN Tropical Depression Two Advisory Number 3 NWS National Hurricane Center Miami FL AL022025 400 AM CDT Sun Jun 29 2025 ...HEAVY RAINS BEGINNING TO SPREAD A...,,forecast discussion,0,402,,0,2025-12-01T18:45:49.839431
https://www.nhc.noaa.gov/archive/2025/al02/al022025.public_a.002.shtml,https://www.nhc.noaa.gov/archive/2025/al02/al022025.public_a.002.shtml,www.nhc.noaa.gov,Tropical Depression TWO,,,"ZCZC MIATCPAT2 ALL TTAA00 KNHC DDHHMM BULLETIN Tropical Depression Two Intermediate Advisory Number 2A NWS National Hurricane Center Miami FL AL022025 100 AM CDT Sun Jun 29 2025 ...DEPRESSION EXPECTED TO PRODUCE HEAVY RAINS OVER PORTIONS OF EASTERN MEXICO... SUMMARY OF 100 AM CDT...0600 UTC...INFORMATION ---------------------------------------------- LOCATION...19.7N 95.7W ABOUT 60 MI...95 KM NE OF VERACRUZ MEXICO ABOUT 135 MI...215 KM SE OF TUXPAN MEXICO MAXIMUM SUSTAINED WINDS...30 MPH...45 KM H PRESENT MOVEMENT...WNW OR 295 DEGREES AT 8 MPH...13 KM H MINIMUM CENTRAL PRESSURE...1011 MB...29.86 INCHES WATCHES AND WARNINGS -------------------- CHANGES WITH THIS ADVISORY: None. SUMMARY OF WATCHES AND WARNINGS IN EFFECT: A Tropical Storm Warning is in effect for...   Gulf coast of Mexico from Boca de Catan southward to Tecolutla A Tropical Storm Warning means that tropical storm conditions are expected somewhere within the warning area within 36 hours. For storm information specific to your area, please monitor products issued by your national meteorological service. DISCUSSION AND OUTLOOK ---------------------- At 100 AM CDT (0600 UTC), the center of Tropical Depression Two was located near latitude 19.7 North, longitude 95.7 West. The depression is moving toward the west-northwest near 8 mph (13 km h) and this general motion is anticipated to continue for the next day or two. On the forecast track, the depression is expected to make landfall along the eastern coast of Mexico tonight and move inland early Monday. Maximum sustained winds are near 30 mph (45 km h) with higher gusts. Some gradual strengthening is expected through tonight, and the depression is forecast to become a tropical storm before it reaches the coast of Mexico. Weakening is expected after landfall, and the system is forecast to dissipate over eastern Mexico on Monday. The estimated minimum central pressure is 1011 mb (29.86 inches). HAZARDS AFFECTING LAND ---------------------- Key messages for Tropical Depression Two can be found in the Tropical Cyclone Discussion under AWIPS header MIATCDAT2 and WMO header WTNT42 KNHC. RAINFALL: Tropical Depression Two is expected to produce rainfall totals of 3 to 6 inches, with maximum totals of 10 inches possible across the Mexican states of Veracruz, San Luis Potosi, and Tamaulipas. This rainfall may produce life-threatening flooding and mudslides, especially in areas of steep terrain. For a complete depiction of forecast rainfall and flash flooding associated with Tropical Depression Two, please see the National Weather Service Storm Total Rainfall Graphic, available at hurricanes.gov graphics_at2.shtml?rainqpf WIND: Tropical storm conditions are expected in the tropical storm warning area beginning this afternoon. NEXT ADVISORY ------------- Next complete advisory at 400 AM CDT.   Forecaster Cangialosi NNNN",ZCZC MIATCPAT2 ALL TTAA00 KNHC DDHHMM BULLETIN Tropical Depression Two Intermediate Advisory Number 2A NWS National Hurricane Center Miami FL AL022025 100 AM CDT Sun Jun 29 2025 ...DEPRESSION EXPECTED...,,forecast discussion,0,425,,0,2025-12-01T18:45:50.926612
https://www.nhc.noaa.gov/archive/2025/al02/al022025.public.002.shtml,https://www.nhc.noaa.gov/archive/2025/al02/al022025.public.002.shtml,www.nhc.noaa.gov,Tropical Depression TWO,,,"ZCZC MIATCPAT2 ALL TTAA00 KNHC DDHHMM BULLETIN Tropical Depression Two Advisory Number 2 NWS National Hurricane Center Miami FL AL022025 1000 PM CDT Sat Jun 28 2025 ...POORLY ORGANIZED DEPRESSION MOVING WEST-NORTHWESTWARD ACROSS THE BAY OF CAMPECHE... SUMMARY OF 1000 PM CDT...0300 UTC...INFORMATION ----------------------------------------------- LOCATION...19.7N 95.1W ABOUT 175 MI...280 KM ESE OF TUXPAN MEXICO ABOUT 80 MI...130 KM ENE OF VERACRUZ MEXICO MAXIMUM SUSTAINED WINDS...30 MPH...45 KM H PRESENT MOVEMENT...WNW OR 295 DEGREES AT 8 MPH...13 KM H MINIMUM CENTRAL PRESSURE...1011 MB...29.86 INCHES WATCHES AND WARNINGS -------------------- CHANGES WITH THIS ADVISORY: None. SUMMARY OF WATCHES AND WARNINGS IN EFFECT: A Tropical Storm Warning is in effect for...   Gulf coast of Mexico from Boca de Catan southward to Tecolutla A Tropical Storm Warning means that tropical storm conditions are expected somewhere within the warning area within 36 hours. For storm information specific to your area, please monitor products issued by your national meteorological service. DISCUSSION AND OUTLOOK ---------------------- At 1000 PM CDT (0300 UTC), the center of Tropical Depression Two was located near latitude 19.7 North, longitude 95.1 West. The depression is moving toward the west-northwest near 8 mph (13 km h) and this general motion is expected to continue for the next day or two. On the forecast track, the depression is expected to make landfall along the Mexico coast Sunday night and move further inland on Monday. Maximum sustained winds are near 30 mph (45 km h) with higher gusts. Some intensification is expected over the next day or so, and the depression is forecast to become a tropical storm before reaching the coast of Mexico. Weakening is expected after landfall, and the system is forecast to dissipate over eastern Mexico on Monday. The estimated minimum central pressure is 1011 mb (29.86 inches). HAZARDS AFFECTING LAND ---------------------- Key messages for Tropical Depression Two can be found in the Tropical Cyclone Discussion under AWIPS header MIATCDAT2 and WMO header WTNT42 KNHC. RAINFALL: Tropical Depression Two is expected to produce rainfall totals of 3 to 6 inches, with maximum totals of 10 inches possible across the Mexican states of Veracruz, San Luis Potosi, and Tamaulipas. This rainfall may produce life-threatening flooding and mudslides, especially in areas of steep terrain. For a complete depiction of forecast rainfall and flash flooding associated with Potential Tropical Cyclone Two, please see the National Weather Service Storm Total Rainfall Graphic, available at hurricanes.gov graphics_at2.shtml?rainqpf WIND: Tropical Storm conditions are expected in the tropical storm warning area beginning Sunday afternoon. NEXT ADVISORY ------------- Next intermediate advisory at 100 AM CDT. Next complete advisory at 400 AM CDT.   Forecaster Beven NNNN",ZCZC MIATCPAT2 ALL TTAA00 KNHC DDHHMM BULLETIN Tropical Depression Two Advisory Number 2 NWS National Hurricane Center Miami FL AL022025 1000 PM CDT Sat Jun 28 2025 ...POORLY ORGANIZED DEPRESSION MOVI...,,forecast discussion,0,433,,0,2025-12-01T18:45:52.273314
https://www.nhc.noaa.gov/archive/2025/al02/al022025.public_a.001.shtml,https://www.nhc.noaa.gov/archive/2025/al02/al022025.public_a.001.shtml,www.nhc.noaa.gov,Tropical Depression TWO,,,"ZCZC MIATCPAT2 ALL TTAA00 KNHC DDHHMM BULLETIN Tropical Depression Two Intermediate Advisory Number 1A NWS National Hurricane Center Miami FL AL022025 700 PM CDT Sat Jun 28 2025 ...TROPICAL DEPRESSION MOVING WEST-NORTHWESTWARD ACROSS THE BAY OF CAMPECHE... SUMMARY OF 700 PM CDT...0000 UTC...INFORMATION ---------------------------------------------- LOCATION...19.5N 94.7W ABOUT 210 MI...340 KM ESE OF TUXPAN MEXICO ABOUT 100 MI...160 KM ENE OF VERACRUZ MEXICO MAXIMUM SUSTAINED WINDS...30 MPH...45 KM H PRESENT MOVEMENT...WNW OR 290 DEGREES AT 7 MPH...11 KM H MINIMUM CENTRAL PRESSURE...1011 MB...29.86 INCHES WATCHES AND WARNINGS -------------------- CHANGES WITH THIS ADVISORY: None. SUMMARY OF WATCHES AND WARNINGS IN EFFECT: A Tropical Storm Warning is in effect for...   Gulf coast of Mexico from Boca de Catan southward to Tecolutla A Tropical Storm Warning means that tropical storm conditions are expected somewhere within the warning area within 36 hours. For storm information specific to your area, please monitor products issued by your national meteorological service. DISCUSSION AND OUTLOOK ---------------------- At 700 PM CDT (0000 UTC), the center of Tropical Depression Two was located near latitude 19.5 North, longitude 94.7 West. The depression is moving toward the west-northwest near 7 mph (11 km h) and this motion is expected to continue for the next day or two. On the following track the depression is expected to make landfall along the Mexico coast on Sunday night and move further inland on Monday. Maximum sustained winds are near 30 mph (45 km h) with higher gusts. Some intensification is forecast over the next day or so, and the depression is forecast to become a tropical storm before reaching the coast of Mexico. The minimum central pressure estimated by Air Force Reserve Reconnaissance data is 1011 mb (29.86 inches). HAZARDS AFFECTING LAND ---------------------- Key messages for Tropical Depression Two can be found in the Tropical Cyclone Discussion under AWIPS header MIATCDAT2 and WMO header WTNT42 KNHC. RAINFALL: Tropical Depression Two is expected to produce rainfall totals of 3 to 6 inches, with maximum totals of 10 inches possible across the Mexican states of Veracruz, San Luis Potosi, and Tamaulipas. This rainfall may produce isolated flash and urban flooding. For a complete depiction of forecast rainfall and flash flooding associated with Tropical Depression Two, please see the National Weather Service Storm Total Rainfall Graphic, available at hurricanes.gov graphics_at2.shtml?rainqpf WIND: Tropical Storm conditions are expected in the tropical storm warning area beginning Sunday afternoon. NEXT ADVISORY ------------- Next complete advisory at 1000 PM CDT.   Forecaster Beven NNNN",ZCZC MIATCPAT2 ALL TTAA00 KNHC DDHHMM BULLETIN Tropical Depression Two Intermediate Advisory Number 1A NWS National Hurricane Center Miami FL AL022025 700 PM CDT Sat Jun 28 2025 ...TROPICAL DEPRESSION...,,forecast discussion,0,409,,0,2025-12-01T18:45:55.967964
https://www.nhc.noaa.gov/archive/2025/al02/al022025.fstadv.005.shtml,https://www.nhc.noaa.gov/archive/2025/al02/al022025.fstadv.005.shtml,www.nhc.noaa.gov,Tropical Storm BARRY,,,ZCZC MIATCMAT2 ALL TTAA00 KNHC DDHHMM TROPICAL STORM BARRY FORECAST ADVISORY NUMBER 5 NWS NATIONAL HURRICANE CENTER MIAMI FL AL022025 2100 UTC SUN JUN 29 2025 TROPICAL STORM CENTER LOCATED NEAR 21.2N 96.9W AT 29 2100Z POSITION ACCURATE WITHIN 20 NM PRESENT MOVEMENT TOWARD THE NORTHWEST OR 315 DEGREES AT 8 KT ESTIMATED MINIMUM CENTRAL PRESSURE 1006 MB MAX SUSTAINED WINDS 40 KT WITH GUSTS TO 50 KT. 34 KT....... 40NE 20SE 0SW 0NW. 4 M SEAS.... 30NE 0SE 0SW 0NW. WINDS AND SEAS VARY GREATLY IN EACH QUADRANT. RADII IN NAUTICAL MILES ARE THE LARGEST RADII EXPECTED ANYWHERE IN THAT QUADRANT. REPEAT...CENTER LOCATED NEAR 21.2N 96.9W AT 29 2100Z AT 29 1800Z CENTER WAS LOCATED NEAR 20.9N 96.7W FORECAST VALID 30 0600Z 22.0N 97.9W...INLAND MAX WIND 30 KT...GUSTS 40 KT. FORECAST VALID 30 1800Z 22.8N 98.8W...POST-TROP INLAND MAX WIND 20 KT...GUSTS 30 KT. FORECAST VALID 01 0600Z...DISSIPATED REQUEST FOR 3 HOURLY SHIP REPORTS WITHIN 300 MILES OF 21.2N 96.9W INTERMEDIATE PUBLIC ADVISORY...WTNT32 KNHC MIATCPAT2...AT 30 0000Z NEXT ADVISORY AT 30 0300Z   FORECASTER PAPIN NNNN,ZCZC MIATCMAT2 ALL TTAA00 KNHC DDHHMM TROPICAL STORM BARRY FORECAST ADVISORY NUMBER 5 NWS NATIONAL HURRICANE CENTER MIAMI FL AL022025 2100 UTC SUN JUN 29 2025 TROPICAL STORM CENTER LOCATED NEAR 21.2N ...,,forecast discussion,0,175,,0,2025-12-01T18:45:57.280608
https://www.nhc.noaa.gov/archive/2025/al02/al022025.fstadv.004.shtml,https://www.nhc.noaa.gov/archive/2025/al02/al022025.fstadv.004.shtml,www.nhc.noaa.gov,Tropical Storm BARRY,,,ZCZC MIATCMAT2 ALL TTAA00 KNHC DDHHMM TROPICAL STORM BARRY FORECAST ADVISORY NUMBER 4 NWS NATIONAL HURRICANE CENTER MIAMI FL AL022025 1500 UTC SUN JUN 29 2025 TROPICAL STORM CENTER LOCATED NEAR 20.4N 96.2W AT 29 1500Z POSITION ACCURATE WITHIN 30 NM PRESENT MOVEMENT TOWARD THE NORTHWEST OR 310 DEGREES AT 5 KT ESTIMATED MINIMUM CENTRAL PRESSURE 1006 MB MAX SUSTAINED WINDS 35 KT WITH GUSTS TO 45 KT. 34 KT....... 30NE 0SE 0SW 0NW. WINDS AND SEAS VARY GREATLY IN EACH QUADRANT. RADII IN NAUTICAL MILES ARE THE LARGEST RADII EXPECTED ANYWHERE IN THAT QUADRANT. REPEAT...CENTER LOCATED NEAR 20.4N 96.2W AT 29 1500Z AT 29 1200Z CENTER WAS LOCATED NEAR 20.1N 96.0W FORECAST VALID 30 0000Z 21.2N 97.2W MAX WIND 40 KT...GUSTS 50 KT. 34 KT... 50NE 0SE 0SW 0NW. FORECAST VALID 30 1200Z 22.0N 98.2W...INLAND MAX WIND 30 KT...GUSTS 40 KT. FORECAST VALID 01 0000Z...DISSIPATED REQUEST FOR 3 HOURLY SHIP REPORTS WITHIN 300 MILES OF 20.4N 96.2W INTERMEDIATE PUBLIC ADVISORY...WTNT32 KNHC MIATCPAT2...AT 29 1800Z NEXT ADVISORY AT 29 2100Z   FORECASTER PAPIN NNNN,ZCZC MIATCMAT2 ALL TTAA00 KNHC DDHHMM TROPICAL STORM BARRY FORECAST ADVISORY NUMBER 4 NWS NATIONAL HURRICANE CENTER MIAMI FL AL022025 1500 UTC SUN JUN 29 2025 TROPICAL STORM CENTER LOCATED NEAR 20.4N ...,,forecast discussion,0,173,,0,2025-12-01T18:45:58.305564
https://www.nhc.noaa.gov/archive/2025/al02/al022025.fstadv.003.shtml,https://www.nhc.noaa.gov/archive/2025/al02/al022025.fstadv.003.shtml,www.nhc.noaa.gov,Tropical Depression TWO,,,ZCZC MIATCMAT2 ALL TTAA00 KNHC DDHHMM TROPICAL DEPRESSION TWO FORECAST ADVISORY NUMBER 3 NWS NATIONAL HURRICANE CENTER MIAMI FL AL022025 0900 UTC SUN JUN 29 2025 TROPICAL DEPRESSION CENTER LOCATED NEAR 19.9N 95.9W AT 29 0900Z POSITION ACCURATE WITHIN 30 NM PRESENT MOVEMENT TOWARD THE WEST-NORTHWEST OR 290 DEGREES AT 8 KT ESTIMATED MINIMUM CENTRAL PRESSURE 1010 MB MAX SUSTAINED WINDS 30 KT WITH GUSTS TO 40 KT. WINDS AND SEAS VARY GREATLY IN EACH QUADRANT. RADII IN NAUTICAL MILES ARE THE LARGEST RADII EXPECTED ANYWHERE IN THAT QUADRANT. REPEAT...CENTER LOCATED NEAR 19.9N 95.9W AT 29 0900Z AT 29 0600Z CENTER WAS LOCATED NEAR 19.7N 95.6W FORECAST VALID 29 1800Z 20.6N 96.9W MAX WIND 35 KT...GUSTS 45 KT. 34 KT... 60NE 0SE 0SW 0NW. FORECAST VALID 30 0600Z 21.6N 98.0W MAX WIND 30 KT...GUSTS 40 KT. FORECAST VALID 30 1800Z...DISSIPATED REQUEST FOR 3 HOURLY SHIP REPORTS WITHIN 300 MILES OF 19.9N 95.9W INTERMEDIATE PUBLIC ADVISORY...WTNT32 KNHC MIATCPAT2...AT 29 1200Z NEXT ADVISORY AT 29 1500Z   FORECASTER CANGIALOSI NNNN,ZCZC MIATCMAT2 ALL TTAA00 KNHC DDHHMM TROPICAL DEPRESSION TWO FORECAST ADVISORY NUMBER 3 NWS NATIONAL HURRICANE CENTER MIAMI FL AL022025 0900 UTC SUN JUN 29 2025 TROPICAL DEPRESSION CENTER LOCATED NEA...,,forecast discussion,0,167,,0,2025-12-01T18:45:59.691823
https://www.nhc.noaa.gov/archive/2025/al02/al022025.fstadv.002.shtml,https://www.nhc.noaa.gov/archive/2025/al02/al022025.fstadv.002.shtml,www.nhc.noaa.gov,Tropical Depression TWO,,,ZCZC MIATCMAT2 ALL TTAA00 KNHC DDHHMM TROPICAL DEPRESSION TWO FORECAST ADVISORY NUMBER 2 NWS NATIONAL HURRICANE CENTER MIAMI FL AL022025 0300 UTC SUN JUN 29 2025 TROPICAL DEPRESSION CENTER LOCATED NEAR 19.7N 95.1W AT 29 0300Z POSITION ACCURATE WITHIN 30 NM PRESENT MOVEMENT TOWARD THE WEST-NORTHWEST OR 295 DEGREES AT 7 KT ESTIMATED MINIMUM CENTRAL PRESSURE 1011 MB MAX SUSTAINED WINDS 25 KT WITH GUSTS TO 35 KT. WINDS AND SEAS VARY GREATLY IN EACH QUADRANT. RADII IN NAUTICAL MILES ARE THE LARGEST RADII EXPECTED ANYWHERE IN THAT QUADRANT. REPEAT...CENTER LOCATED NEAR 19.7N 95.1W AT 29 0300Z AT 29 0000Z CENTER WAS LOCATED NEAR 19.5N 94.7W FORECAST VALID 29 1200Z 20.3N 96.0W MAX WIND 30 KT...GUSTS 40 KT. FORECAST VALID 30 0000Z 21.3N 97.3W MAX WIND 35 KT...GUSTS 45 KT. 34 KT... 40NE 30SE 0SW 0NW. FORECAST VALID 30 1200Z 22.1N 98.8W...INLAND MAX WIND 25 KT...GUSTS 35 KT. FORECAST VALID 01 0000Z...DISSIPATED REQUEST FOR 3 HOURLY SHIP REPORTS WITHIN 300 MILES OF 19.7N 95.1W INTERMEDIATE PUBLIC ADVISORY...WTNT32 KNHC MIATCPAT2...AT 29 0600Z NEXT ADVISORY AT 29 0900Z   FORECASTER BEVEN NNNN,ZCZC MIATCMAT2 ALL TTAA00 KNHC DDHHMM TROPICAL DEPRESSION TWO FORECAST ADVISORY NUMBER 2 NWS NATIONAL HURRICANE CENTER MIAMI FL AL022025 0300 UTC SUN JUN 29 2025 TROPICAL DEPRESSION CENTER LOCATED NEA...,,forecast discussion,0,179,,0,2025-12-01T18:46:01.176853
